[{"model": "admin.logentry", "pk": 1, "fields": {"action_time": "2026-02-11T23:37:20.333Z", "user": 1, "content_type": 6, "object_id": "1", "object_repr": "Computadoras", "action_flag": 1, "change_message": "[{\"added\": {}}]"}}, {"model": "admin.logentry", "pk": 2, "fields": {"action_time": "2026-02-12T00:06:35.723Z", "user": 1, "content_type": 6, "object_id": "2", "object_repr": "Ropa de verano", "action_flag": 1, "change_message": "[{\"added\": {}}]"}}, {"model": "admin.logentry", "pk": 3, "fields": {"action_time": "2026-02-12T00:09:02.072Z", "user": 1, "content_type": 6, "object_id": "3", "object_repr": "Musica y media", "action_flag": 1, "change_message": "[{\"added\": {}}]"}}, {"model": "admin.logentry", "pk": 4, "fields": {"action_time": "2026-02-12T00:11:41.877Z", "user": 1, "content_type": 6, "object_id": "4", "object_repr": "Muebles para oficina", "action_flag": 1, "change_message": "[{\"added\": {}}]"}}, {"model": "admin.logentry", "pk": 5, "fields": {"action_time": "2026-02-12T00:14:48.020Z", "user": 1, "content_type": 6, "object_id": "5", "object_repr": "Accesorios Tech", "action_flag": 1, "change_message": "[{\"added\": {}}]"}}, {"model": "admin.logentry", "pk": 6, "fields": {"action_time": "2026-02-13T00:32:09.333Z", "user": 1, "content_type": 8, "object_id": "1", "object_repr": "Headphones", "action_flag": 1, "change_message": "[{\"added\": {}}]"}}, {"model": "admin.logentry", "pk": 7, "fields": {"action_time": "2026-02-13T00:42:32.580Z", "user": 1, "content_type": 8, "object_id": "2", "object_repr": "Camisa moderna", "action_flag": 1, "change_message": "[{\"added\": {}}]"}}, {"model": "admin.logentry", "pk": 8, "fields": {"action_time": "2026-02-13T00:43:23.094Z", "user": 1, "content_type": 8, "object_id": "3", "object_repr": "Computadora Gamer", "action_flag": 1, "change_message": "[{\"added\": {}}]"}}, {"model": "admin.logentry", "pk": 9, "fields": {"action_time": "2026-02-13T00:45:10.014Z", "user": 1, "content_type": 8, "object_id": "4", "object_repr": "Airpods", "action_flag": 1, "change_message": "[{\"added\": {}}]"}}, {"model": "admin.logentry", "pk": 10, "fields": {"action_time": "2026-02-13T00:46:10.676Z", "user": 1, "content_type": 8, "object_id": "5", "object_repr": "Macbook Pro", "action_flag": 1, "change_message": "[{\"added\": {}}]"}}, {"model": "admin.logentry", "pk": 11, "fields": {"action_time": "2026-02-13T00:46:53.400Z", "user": 1, "content_type": 8, "object_id": "6", "object_repr": "Camisa Primavera", "action_flag": 1, "change_message": "[{\"added\": {}}]"}}, {"model": "admin.logentry", "pk": 12, "fields": {"action_time": "2026-02-13T00:47:32.236Z", "user": 1, "content_type": 8, "object_id": "7", "object_repr": "Mouse Gamer", "action_flag": 1, "change_message": "[{\"added\": {}}]"}}, {"model": "admin.logentry", "pk": 13, "fields": {"action_time": "2026-02-13T00:48:45.314Z", "user": 1, "content_type": 8, "object_id": "8", "object_repr": "Monitor MSI", "action_flag": 1, "change_message": "[{\"added\": {}}]"}}, {"model": "admin.logentry", "pk": 14, "fields": {"action_time": "2026-02-13T00:49:38.743Z", "user": 1, "content_type": 8, "object_id": "9", "object_repr": "Silla Gamer", "action_flag": 1, "change_message": "[{\"added\": {}}]"}}, {"model": "admin.logentry", "pk": 15, "fields": {"action_time": "2026-02-13T00:50:12.070Z", "user": 1, "content_type": 8, "object_id": "10", "object_repr": "Equipo de sonido", "action_flag": 1, "change_message": "[{\"added\": {}}]"}}, {"model": "admin.logentry", "pk": 16, "fields": {"action_time": "2026-02-13T00:50:48.292Z", "user": 1, "content_type": 8, "object_id": "11", "object_repr": "Ipad Pro", "action_flag": 1, "change_message": "[{\"added\": {}}]"}}, {"model": "admin.logentry", "pk": 17, "fields": {"action_time": "2026-02-20T01:05:07.324Z", "user": 1, "content_type": 10, "object_id": "2", "object_repr": "Computadora Gamer", "action_flag": 1, "change_message": "[{\"added\": {}}]"}}, {"model": "admin.logentry", "pk": 18, "fields": {"action_time": "2026-02-20T01:07:00.547Z", "user": 1, "content_type": 10, "object_id": "3", "object_repr": "Macbook Pro", "action_flag": 1, "change_message": "[{\"added\": {}}]"}}, {"model": "admin.logentry", "pk": 19, "fields": {"action_time": "2026-02-20T01:32:06.252Z", "user": 1, "content_type": 10, "object_id": "1", "object_repr": "Headphones", "action_flag": 2, "change_message": "[{\"changed\": {\"fields\": [\"Quantity\"]}}]"}}, {"model": "admin.logentry", "pk": 20, "fields": {"action_time": "2026-02-22T15:17:07.078Z", "user": 1, "content_type": 11, "object_id": "1", "object_repr": "Variation object (1)", "action_flag": 1, "change_message": "[{\"added\": {}}]"}}, {"model": "admin.logentry", "pk": 21, "fields": {"action_time": "2026-02-22T15:17:20.762Z", "user": 1, "content_type": 11, "object_id": "2", "object_repr": "Variation object (2)", "action_flag": 1, "change_message": "[{\"added\": {}}]"}}, {"model": "admin.logentry", "pk": 22, "fields": {"action_time": "2026-02-22T15:18:02.328Z", "user": 1, "content_type": 11, "object_id": "3", "object_repr": "Variation object (3)", "action_flag": 1, "change_message": "[{\"added\": {}}]"}}, {"model": "admin.logentry", "pk": 23, "fields": {"action_time": "2026-02-22T15:18:30.837Z", "user": 1, "content_type": 11, "object_id": "4", "object_repr": "Variation object (4)", "action_flag": 1, "change_message": "[{\"added\": {}}]"}}, {"model": "admin.logentry", "pk": 24, "fields": {"action_time": "2026-02-22T15:18:54.099Z", "user": 1, "content_type": 11, "object_id": "5", "object_repr": "Variation object (5)", "action_flag": 1, "change_message": "[{\"added\": {}}]"}}, {"model": "admin.logentry", "pk": 25, "fields": {"action_time": "2026-02-22T15:19:18.089Z", "user": 1, "content_type": 11, "object_id": "6", "object_repr": "Variation object (6)", "action_flag": 1, "change_message": "[{\"added\": {}}]"}}, {"model": "admin.logentry", "pk": 26, "fields": {"action_time": "2026-02-22T17:06:51.005Z", "user": 1, "content_type": 11, "object_id": "7", "object_repr": "Variation object (7)", "action_flag": 1, "change_message": "[{\"added\": {}}]"}}, {"model": "admin.logentry", "pk": 27, "fields": {"action_time": "2026-02-23T00:50:06.173Z", "user": 1, "content_type": 10, "object_id": "16", "object_repr": "Camisa moderna", "action_flag": 3, "change_message": ""}}, {"model": "admin.logentry", "pk": 28, "fields": {"action_time": "2026-02-23T00:50:06.173Z", "user": 1, "content_type": 10, "object_id": "15", "object_repr": "Camisa moderna", "action_flag": 3, "change_message": ""}}, {"model": "admin.logentry", "pk": 29, "fields": {"action_time": "2026-04-19T18:38:16.626Z", "user": 2, "content_type": 10, "object_id": "21", "object_repr": "Camisa moderna", "action_flag": 3, "change_message": ""}}, {"model": "admin.logentry", "pk": 30, "fields": {"action_time": "2026-04-19T18:38:16.626Z", "user": 2, "content_type": 10, "object_id": "20", "object_repr": "Camisa moderna", "action_flag": 3, "change_message": ""}}, {"model": "admin.logentry", "pk": 31, "fields": {"action_time": "2026-04-19T18:38:16.626Z", "user": 2, "content_type": 10, "object_id": "19", "object_repr": "Camisa moderna", "action_flag": 3, "change_message": ""}}, {"model": "admin.logentry", "pk": 32, "fields": {"action_time": "2026-04-19T18:38:16.626Z", "user": 2, "content_type": 10, "object_id": "18", "object_repr": "Camisa moderna", "action_flag": 3, "change_message": ""}}, {"model": "admin.logentry", "pk": 33, "fields": {"action_time": "2026-04-19T18:38:16.626Z", "user": 2, "content_type": 10, "object_id": "17", "object_repr": "Camisa moderna", "action_flag": 3, "change_message": ""}}, {"model": "admin.logentry", "pk": 34, "fields": {"action_time": "2026-04-22T00:02:53.461Z", "user": 2, "content_type": 7, "object_id": "10", "object_repr": "terry2@gmail.com", "action_flag": 3, "change_message": ""}}, {"model": "admin.logentry", "pk": 35, "fields": {"action_time": "2026-04-22T00:02:53.461Z", "user": 2, "content_type": 7, "object_id": "9", "object_repr": "terry@gmail.com", "action_flag": 3, "change_message": ""}}, {"model": "admin.logentry", "pk": 36, "fields": {"action_time": "2026-04-22T00:03:59.491Z", "user": 2, "content_type": 7, "object_id": "11", "object_repr": "terry4@gmail.com", "action_flag": 2, "change_message": "[{\"changed\": {\"fields\": [\"Is active\"]}}]"}}, {"model": "admin.logentry", "pk": 37, "fields": {"action_time": "2026-05-01T21:00:24.876Z", "user": 2, "content_type": 9, "object_id": "12", "object_repr": "q0qql8wmvs1j7cym5grlbjox17nwk0ol", "action_flag": 3, "change_message": ""}}, {"model": "admin.logentry", "pk": 38, "fields": {"action_time": "2026-05-01T21:00:24.877Z", "user": 2, "content_type": 9, "object_id": "11", "object_repr": "joqtt4sozeuxwynxu1pzflesygyqm0lj", "action_flag": 3, "change_message": ""}}, {"model": "admin.logentry", "pk": 39, "fields": {"action_time": "2026-05-01T21:00:24.877Z", "user": 2, "content_type": 9, "object_id": "10", "object_repr": "v1vag1i0zg84h32f1sg5afjsq2se4yaj", "action_flag": 3, "change_message": ""}}, {"model": "admin.logentry", "pk": 40, "fields": {"action_time": "2026-05-01T21:00:24.877Z", "user": 2, "content_type": 9, "object_id": "9", "object_repr": "9qqtkyf24eaxy4tygmh8f14x533xfx19", "action_flag": 3, "change_message": ""}}, {"model": "admin.logentry", "pk": 41, "fields": {"action_time": "2026-05-01T21:00:24.877Z", "user": 2, "content_type": 9, "object_id": "8", "object_repr": "h363nzo2hh03qisl5nga4oc13ucvoobl", "action_flag": 3, "change_message": ""}}, {"model": "admin.logentry", "pk": 42, "fields": {"action_time": "2026-05-01T21:00:24.877Z", "user": 2, "content_type": 9, "object_id": "7", "object_repr": "faw3u5uncrwcdk7ifrvtbh447gtnbowy", "action_flag": 3, "change_message": ""}}, {"model": "admin.logentry", "pk": 43, "fields": {"action_time": "2026-05-01T21:00:24.877Z", "user": 2, "content_type": 9, "object_id": "6", "object_repr": "1eikss6m50w1788ab2ub5ner7tn9fxkr", "action_flag": 3, "change_message": ""}}, {"model": "admin.logentry", "pk": 44, "fields": {"action_time": "2026-05-01T21:00:24.877Z", "user": 2, "content_type": 9, "object_id": "5", "object_repr": "mf4vjxl8drawnfqvn6fizp8h5qery1ua", "action_flag": 3, "change_message": ""}}, {"model": "admin.logentry", "pk": 45, "fields": {"action_time": "2026-05-01T21:00:24.877Z", "user": 2, "content_type": 9, "object_id": "4", "object_repr": "d3b89r377as0wdxhjd9wmd08xujpdwuh", "action_flag": 3, "change_message": ""}}, {"model": "admin.logentry", "pk": 46, "fields": {"action_time": "2026-05-01T21:00:24.877Z", "user": 2, "content_type": 9, "object_id": "3", "object_repr": "lridscrwy3xllvln7yf71fl50z0ivrjz", "action_flag": 3, "change_message": ""}}, {"model": "admin.logentry", "pk": 47, "fields": {"action_time": "2026-05-01T21:00:24.877Z", "user": 2, "content_type": 9, "object_id": "2", "object_repr": "bytmm4fedj10xi69ssepqn1vsurzx4r4", "action_flag": 3, "change_message": ""}}, {"model": "admin.logentry", "pk": 48, "fields": {"action_time": "2026-05-01T21:00:24.877Z", "user": 2, "content_type": 9, "object_id": "1", "object_repr": "o8tww0s1vdn0c8jnkjl8ndjlcz85jfmk", "action_flag": 3, "change_message": ""}}, {"model": "admin.logentry", "pk": 49, "fields": {"action_time": "2026-05-01T21:24:02.941Z", "user": 2, "content_type": 9, "object_id": "14", "object_repr": "j2yzythdd19kb88jdhy444hi57i2g6qx", "action_flag": 3, "change_message": ""}}, {"model": "admin.logentry", "pk": 50, "fields": {"action_time": "2026-05-01T21:24:02.941Z", "user": 2, "content_type": 9, "object_id": "13", "object_repr": "hlkqr28qt44trsxplieiuxh4v46zbjzk", "action_flag": 3, "change_message": ""}}, {"model": "admin.logentry", "pk": 51, "fields": {"action_time": "2026-05-01T21:24:23.393Z", "user": 2, "content_type": 10, "object_id": "34", "object_repr": "Camisa moderna", "action_flag": 3, "change_message": ""}}, {"model": "admin.logentry", "pk": 52, "fields": {"action_time": "2026-05-01T21:24:23.393Z", "user": 2, "content_type": 10, "object_id": "33", "object_repr": "Camisa moderna", "action_flag": 3, "change_message": ""}}, {"model": "admin.logentry", "pk": 53, "fields": {"action_time": "2026-05-04T19:34:31.345Z", "user": 2, "content_type": 13, "object_id": "7", "object_repr": "Camisa moderna", "action_flag": 3, "change_message": ""}}, {"model": "admin.logentry", "pk": 54, "fields": {"action_time": "2026-05-04T19:34:31.345Z", "user": 2, "content_type": 13, "object_id": "6", "object_repr": "Camisa moderna", "action_flag": 3, "change_message": ""}}, {"model": "admin.logentry", "pk": 55, "fields": {"action_time": "2026-05-04T19:34:31.345Z", "user": 2, "content_type": 13, "object_id": "5", "object_repr": "Camisa moderna", "action_flag": 3, "change_message": ""}}, {"model": "admin.logentry", "pk": 56, "fields": {"action_time": "2026-05-04T19:34:31.345Z", "user": 2, "content_type": 13, "object_id": "4", "object_repr": "Camisa moderna", "action_flag": 3, "change_message": ""}}, {"model": "admin.logentry", "pk": 57, "fields": {"action_time": "2026-05-04T19:34:31.345Z", "user": 2, "content_type": 13, "object_id": "3", "object_repr": "Camisa moderna", "action_flag": 3, "change_message": ""}}, {"model": "admin.logentry", "pk": 58, "fields": {"action_time": "2026-05-04T19:34:31.345Z", "user": 2, "content_type": 13, "object_id": "2", "object_repr": "Camisa moderna", "action_flag": 3, "change_message": ""}}, {"model": "admin.logentry", "pk": 59, "fields": {"action_time": "2026-05-04T19:34:31.345Z", "user": 2, "content_type": 13, "object_id": "1", "object_repr": "Camisa moderna", "action_flag": 3, "change_message": ""}}, {"model": "admin.logentry", "pk": 60, "fields": {"action_time": "2026-05-04T19:35:01.057Z", "user": 2, "content_type": 12, "object_id": "21", "object_repr": "Merari", "action_flag": 3, "change_message": ""}}, {"model": "admin.logentry", "pk": 61, "fields": {"action_time": "2026-05-04T19:35:01.057Z", "user": 2, "content_type": 12, "object_id": "20", "object_repr": "Merari", "action_flag": 3, "change_message": ""}}, {"model": "admin.logentry", "pk": 62, "fields": {"action_time": "2026-05-04T19:35:01.057Z", "user": 2, "content_type": 12, "object_id": "19", "object_repr": "Merari", "action_flag": 3, "change_message": ""}}, {"model": "admin.logentry", "pk": 63, "fields": {"action_time": "2026-05-04T19:35:01.057Z", "user": 2, "content_type": 12, "object_id": "18", "object_repr": "Merari", "action_flag": 3, "change_message": ""}}, {"model": "admin.logentry", "pk": 64, "fields": {"action_time": "2026-05-04T19:35:01.057Z", "user": 2, "content_type": 12, "object_id": "17", "object_repr": "Merari", "action_flag": 3, "change_message": ""}}, {"model": "admin.logentry", "pk": 65, "fields": {"action_time": "2026-05-04T19:35:01.057Z", "user": 2, "content_type": 12, "object_id": "16", "object_repr": "Merari", "action_flag": 3, "change_message": ""}}, {"model": "admin.logentry", "pk": 66, "fields": {"action_time": "2026-05-04T19:35:01.057Z", "user": 2, "content_type": 12, "object_id": "15", "object_repr": "Merari", "action_flag": 3, "change_message": ""}}, {"model": "admin.logentry", "pk": 67, "fields": {"action_time": "2026-05-04T19:35:01.057Z", "user": 2, "content_type": 12, "object_id": "14", "object_repr": "Merari", "action_flag": 3, "change_message": ""}}, {"model": "admin.logentry", "pk": 68, "fields": {"action_time": "2026-05-04T19:35:01.057Z", "user": 2, "content_type": 12, "object_id": "13", "object_repr": "Merari", "action_flag": 3, "change_message": ""}}, {"model": "admin.logentry", "pk": 69, "fields": {"action_time": "2026-05-04T19:35:01.057Z", "user": 2, "content_type": 12, "object_id": "12", "object_repr": "Merari", "action_flag": 3, "change_message": ""}}, {"model": "admin.logentry", "pk": 70, "fields": {"action_time": "2026-05-04T19:35:01.057Z", "user": 2, "content_type": 12, "object_id": "11", "object_repr": "Merari", "action_flag": 3, "change_message": ""}}, {"model": "admin.logentry", "pk": 71, "fields": {"action_time": "2026-05-04T19:35:01.057Z", "user": 2, "content_type": 12, "object_id": "10", "object_repr": "Merari", "action_flag": 3, "change_message": ""}}, {"model": "admin.logentry", "pk": 72, "fields": {"action_time": "2026-05-04T19:35:01.057Z", "user": 2, "content_type": 12, "object_id": "9", "object_repr": "Merari", "action_flag": 3, "change_message": ""}}, {"model": "admin.logentry", "pk": 73, "fields": {"action_time": "2026-05-04T19:35:01.057Z", "user": 2, "content_type": 12, "object_id": "8", "object_repr": "Merari", "action_flag": 3, "change_message": ""}}, {"model": "admin.logentry", "pk": 74, "fields": {"action_time": "2026-05-04T19:35:01.057Z", "user": 2, "content_type": 12, "object_id": "7", "object_repr": "Merari", "action_flag": 3, "change_message": ""}}, {"model": "admin.logentry", "pk": 75, "fields": {"action_time": "2026-05-04T19:35:01.057Z", "user": 2, "content_type": 12, "object_id": "6", "object_repr": "Merari", "action_flag": 3, "change_message": ""}}, {"model": "admin.logentry", "pk": 76, "fields": {"action_time": "2026-05-04T19:35:01.057Z", "user": 2, "content_type": 12, "object_id": "5", "object_repr": "Merari", "action_flag": 3, "change_message": ""}}, {"model": "sessions.session", "pk": "d3b89r377as0wdxhjd9wmd08xujpdwuh", "fields": {"session_data": ".eJxVjDsOwjAQBe_iGllx_Kek5wzWrncXB1Ai5VMh7g6RUkD7Zua9VIFtbWVbeC4DqbMy6vS7IdQHjzugO4y3SddpXOcB9a7ogy76OhE_L4f7d9Bgad86ilCmxMEFg6FattR5ZBN9FMiC2QtIyiwd9Rlc8Ikc9hYM5NBhTOr9AQcwOIE:1wGS83:3FHeW0gUxmXZeP7Sk1Empfi67AhGt8XLCBVcNHartv8", "expire_date": "2026-05-09T01:48:19.058Z"}}, {"model": "sessions.session", "pk": "hd2q3ml81e6mbc43dvqzib6inucq6h77", "fields": {"session_data": ".eJxVjEEOwiAQRe_C2pAAUwZcuvcMBJhBqoYmpV013t2QdKHb_977hwhx32rYO69hJnEVWlx-txTzi9sA9Iztsci8tG2dkxyKPGmX94X4fTvdv4Maex21xlJ8MghgvEEGxQDRWM52QmbnQWVlrHVeJ0J0hjUD-ULZJadhEp8v0Z03cQ:1wEW7M:svHa3nNHFLOyRJBiQxl3Do8q-qybLP7f86ci_p8EtAs", "expire_date": "2026-05-03T17:39:36.885Z"}}, {"model": "sessions.session", "pk": "im3zn3tr25ch07cmhvhub4xc001h35d0", "fields": {"session_data": ".eJxVjDsOwjAQBe_iGllx_Kek5wzWrncXB1Ai5VMh7g6RUkD7Zua9VIFtbWVbeC4DqbMy6vS7IdQHjzugO4y3SddpXOcB9a7ogy76OhE_L4f7d9Bgad86ilCmxMEFg6FattR5ZBN9FMiC2QtIyiwd9Rlc8Ikc9hYM5NBhTOr9AQcwOIE:1vqIl7:qObXId9lHEFN_qGtzvFIlWejhOl7NF9DbNqMomkZSOk", "expire_date": "2026-02-25T22:32:33.561Z"}}, {"model": "sessions.session", "pk": "o8tww0s1vdn0c8jnkjl8ndjlcz85jfmk", "fields": {"session_data": ".eJxVjDsOwjAQBe_iGllx_Kek5wzWrncXB1Ai5VMh7g6RUkD7Zua9VIFtbWVbeC4DqbMy6vS7IdQHjzugO4y3SddpXOcB9a7ogy76OhE_L4f7d9Bgad86ilCmxMEFg6FattR5ZBN9FMiC2QtIyiwd9Rlc8Ikc9hYM5NBhTOr9AQcwOIE:1vqJ9h:xAtlFyyZYMECMajAhXCF4-xGeYXr9Eybt8K36CJCekw", "expire_date": "2026-02-25T22:57:57.846Z"}}, {"model": "sessions.session", "pk": "zfly0go0mn2w2ywm3l6bk1ggsf7r9cnp", "fields": {"session_data": ".eJxVjDsOwjAQBe_iGllx_Kek5wzWrncXB1Ai5VMh7g6RUkD7Zua9VIFtbWVbeC4DqbMy6vS7IdQHjzugO4y3SddpXOcB9a7ogy76OhE_L4f7d9Bgad86ilCmxMEFg6FattR5ZBN9FMiC2QtIyiwd9Rlc8Ikc9hYM5NBhTOr9AQcwOIE:1wL23T:8xwFJ45p4QW84WEzM1Oc_6Cj_ySwYf9qWOAjZ8dGNlc", "expire_date": "2026-05-07T17:13:31.193Z"}}, {"model": "category.category", "pk": 1, "fields": {"category_name": "Computadoras", "description": "Computadoras modernas", "slug": "computadoras", "cat_image": "photos/categories/computadoras.jpeg"}}, {"model": "category.category", "pk": 2, "fields": {"category_name": "Ropa de verano", "description": "Ropa de verano en promocion", "slug": "ropa-de-verano", "cat_image": "photos/categories/ropa.verano.jpeg"}}, {"model": "category.category", "pk": 3, "fields": {"category_name": "Musica y media", "description": "Equipos modernos de musica y media", "slug": "musica-y-media", "cat_image": "photos/categories/equipos.musica.jpeg"}}, {"model": "category.category", "pk": 4, "fields": {"category_name": "Muebles para oficina", "description": "Muebles modernos para oficina", "slug": "muebles-para-oficina", "cat_image": "photos/categories/muebles.oficina.jpeg"}}, {"model": "category.category", "pk": 5, "fields": {"category_name": "Accesorios Tech", "description": "Gadgets personales", "slug": "accesorios-tech", "cat_image": "photos/categories/Gadgets.jpeg"}}, {"model": "accounts.account", "pk": 1, "fields": {"password": "pbkdf2_sha256$1200000$jxUYQc2v8DEWfjq8EIcqVb$Eac5wftL6XzXWjonWDUGxzDVkbV+zz2uK+gALIFKH4c=", "is_superuser": true, "first_name": "merari", "last_name": "caceres", "username": "mera", "email": "merarivillalba@gmail.com", "phone_number": "", "date_joined": "2026-02-11T22:30:31.290Z", "last_login": "2026-05-06T22:35:52.103Z", "is_admin": true, "is_staff": true, "is_active": true, "groups": [], "user_permissions": []}}, {"model": "accounts.account", "pk": 2, "fields": {"password": "pbkdf2_sha256$1200000$aWgPYB2Q8Bt5DhTSg4hgv1$t7I3B+tfhAgacgm+1wepQZrzeRamtH1TMcyjVtksag4=", "is_superuser": true, "first_name": "caceres", "last_name": "merari", "username": "admin", "email": "admin@gmail.com", "phone_number": "", "date_joined": "2026-04-18T23:44:11.884Z", "last_login": "2026-05-01T22:03:43.792Z", "is_admin": true, "is_staff": true, "is_active": true, "groups": [], "user_permissions": []}}, {"model": "accounts.account", "pk": 3, "fields": {"password": "pbkdf2_sha256$1200000$KvzeFpcIEmzc39QVaPfcGS$+ORszg1R252UuVNYbKeiPStD39H+giJEXaO8xHgwM7Q=", "is_superuser": false, "first_name": "Pepe", "last_name": "Ruperto", "username": "pepe", "email": "pepe@gmail.com", "phone_number": "0987987123", "date_joined": "2026-04-20T21:49:31.224Z", "last_login": null, "is_admin": false, "is_staff": false, "is_active": true, "groups": [], "user_permissions": []}}, {"model": "accounts.account", "pk": 4, "fields": {"password": "pbkdf2_sha256$1200000$fxL3XQe4YG7c42zrZUZ2IQ$R5eEMMXeDYF2BTRD7PxiVc9K6afwyCPDTz2/1cyfms8=", "is_superuser": false, "first_name": "bebeto", "last_name": "chan", "username": "bebeto", "email": "bebeto@gmail.com", "phone_number": "0987678987", "date_joined": "2026-04-20T22:09:03.438Z", "last_login": null, "is_admin": false, "is_staff": false, "is_active": true, "groups": [], "user_permissions": []}}, {"model": "accounts.account", "pk": 5, "fields": {"password": "pbkdf2_sha256$1200000$M1S9IOejw6YiYXMO6XZ95o$RZQLnBzwGrVZyOsVhKniiD+eHTWJWubUL4QSpqddrgw=", "is_superuser": false, "first_name": "Gricelda", "last_name": "Caceres", "username": "gricelda", "email": "gricelda@gmail.com", "phone_number": "0912398789", "date_joined": "2026-04-20T23:03:12.947Z", "last_login": null, "is_admin": false, "is_staff": false, "is_active": true, "groups": [], "user_permissions": []}}, {"model": "accounts.account", "pk": 6, "fields": {"password": "pbkdf2_sha256$1200000$QRYQCfcAwtpZvH0FFbAnt3$dYWkRAfnaaAceC6LzQ4h2/VhBtgP189Fk5Vk8HAxl3Y=", "is_superuser": false, "first_name": "Tiki", "last_name": "Caceres", "username": "tiki", "email": "tiki@gmail.com", "phone_number": "0985786123", "date_joined": "2026-04-20T23:08:05.533Z", "last_login": null, "is_admin": false, "is_staff": false, "is_active": true, "groups": [], "user_permissions": []}}, {"model": "accounts.account", "pk": 7, "fields": {"password": "pbkdf2_sha256$1200000$0Y5K7UsCkCAbVDSxkL5Z31$Vp2q5vVqK3p4xsC/P/HHmvdUnUi3UO8YrJXt+s7jJko=", "is_superuser": false, "first_name": "Manchita", "last_name": "Lapeque", "username": "manchita", "email": "manchita@gmail.com", "phone_number": "0983452876", "date_joined": "2026-04-20T23:13:01.500Z", "last_login": null, "is_admin": false, "is_staff": false, "is_active": true, "groups": [], "user_permissions": []}}, {"model": "accounts.account", "pk": 8, "fields": {"password": "pbkdf2_sha256$1200000$cMe4BV4iieNMqKevPAWgye$MDVStmf9HNNR+AbMXS9GzMX6fhyidk1om42PgXlyT+s=", "is_superuser": false, "first_name": "Pandita", "last_name": "Leon", "username": "pandita", "email": "pandita@gmail.com", "phone_number": "0988000111", "date_joined": "2026-04-20T23:31:33.483Z", "last_login": "2026-04-21T00:56:10.808Z", "is_admin": false, "is_staff": false, "is_active": true, "groups": [], "user_permissions": []}}, {"model": "accounts.account", "pk": 11, "fields": {"password": "pbkdf2_sha256$1200000$9UyfjORrMfLSWdRzPvICrK$s6EqyAr9jFwlXn+TFvUR4aaSjtdIFYzktCNL32f9lPo=", "is_superuser": false, "first_name": "Terry", "last_name": "Lancer", "username": "terry4", "email": "terry4@gmail.com", "phone_number": "0985789314", "date_joined": "2026-04-21T23:56:31.278Z", "last_login": "2026-05-01T20:40:35.795Z", "is_admin": false, "is_staff": false, "is_active": true, "groups": [], "user_permissions": []}}, {"model": "accounts.userprofile", "pk": 1, "fields": {"user": 1, "address_line_1": "", "address_line_2": "", "profile_picture": "", "city": "", "state": "", "country": ""}}, {"model": "store.product", "pk": 1, "fields": {"product_name": "Headphones", "slug": "headphones", "description": "Lorem Ipsum es simplemente el texto de relleno de las imprentas y archivos de texto", "price": 350, "images": "photos/products/Headphones.jpeg", "stock": 100, "is_available": true, "category": 5, "created_date": "2026-02-13T00:32:09.332Z", "modified_date": "2026-02-13T00:32:09.332Z"}}, {"model": "store.product", "pk": 2, "fields": {"product_name": "Camisa moderna", "slug": "camisa-moderna", "description": "Lorem Ipsum is simply dummy text of the printing and typesetting industry.", "price": 60, "images": "photos/products/Imagen_pegada.png", "stock": 96, "is_available": true, "category": 2, "created_date": "2026-02-13T00:42:32.579Z", "modified_date": "2026-05-04T20:44:12.307Z"}}, {"model": "store.product", "pk": 3, "fields": {"product_name": "Computadora Gamer", "slug": "computadora-gamer", "description": "Lorem Ipsum is simply dummy text of the printing and typesetting industry.", "price": 1000, "images": "photos/products/Imagen_pegada_2.png", "stock": 50, "is_available": true, "category": 1, "created_date": "2026-02-13T00:43:23.094Z", "modified_date": "2026-02-13T00:43:23.094Z"}}, {"model": "store.product", "pk": 4, "fields": {"product_name": "Airpods", "slug": "airpods", "description": "Lorem Ipsum is simply dummy text of the printing and typesetting industry.", "price": 250, "images": "photos/products/Imagen_pegada_3.png", "stock": 150, "is_available": true, "category": 5, "created_date": "2026-02-13T00:45:10.014Z", "modified_date": "2026-02-13T00:45:10.014Z"}}, {"model": "store.product", "pk": 5, "fields": {"product_name": "Macbook Pro", "slug": "macbook-pro", "description": "Lorem Ipsum is simply dummy text of the printing and typesetting industry.", "price": 5000, "images": "photos/products/Imagen_pegada_4.png", "stock": 50, "is_available": true, "category": 1, "created_date": "2026-02-13T00:46:10.676Z", "modified_date": "2026-02-13T00:46:10.676Z"}}, {"model": "store.product", "pk": 6, "fields": {"product_name": "Camisa Primavera", "slug": "camisa-primavera", "description": "Lorem Ipsum is simply dummy text of the printing and typesetting industry.", "price": 250, "images": "photos/products/Imagen_pegada_5.png", "stock": 200, "is_available": true, "category": 2, "created_date": "2026-02-13T00:46:53.399Z", "modified_date": "2026-02-13T00:46:53.399Z"}}, {"model": "store.product", "pk": 7, "fields": {"product_name": "Mouse Gamer", "slug": "mouse-gamer", "description": "Lorem Ipsum is simply dummy text of the printing and typesetting industry.", "price": 500, "images": "photos/products/Imagen_pegada_6.png", "stock": 100, "is_available": true, "category": 5, "created_date": "2026-02-13T00:47:32.236Z", "modified_date": "2026-02-13T00:47:32.236Z"}}, {"model": "store.product", "pk": 8, "fields": {"product_name": "Monitor MSI", "slug": "monitor-msi", "description": "Lorem Ipsum is simply dummy text of the printing and typesetting industry.", "price": 800, "images": "photos/products/Imagen_pegada_7.png", "stock": 100, "is_available": true, "category": 1, "created_date": "2026-02-13T00:48:45.314Z", "modified_date": "2026-02-13T00:48:45.314Z"}}, {"model": "store.product", "pk": 9, "fields": {"product_name": "Silla Gamer", "slug": "silla-gamer", "description": "Lorem Ipsum is simply dummy text of the printing and typesetting industry.", "price": 2000, "images": "photos/products/Imagen_pegada_8.png", "stock": 100, "is_available": true, "category": 4, "created_date": "2026-02-13T00:49:38.742Z", "modified_date": "2026-02-13T00:49:38.742Z"}}, {"model": "store.product", "pk": 10, "fields": {"product_name": "Equipo de sonido", "slug": "equipo-de-sonido", "description": "Lorem Ipsum is simply dummy text of the printing and typesetting industry.", "price": 3000, "images": "photos/products/Imagen_pegada_9.png", "stock": 50, "is_available": true, "category": 3, "created_date": "2026-02-13T00:50:12.069Z", "modified_date": "2026-02-13T00:50:12.069Z"}}, {"model": "store.product", "pk": 11, "fields": {"product_name": "Ipad Pro", "slug": "ipad-pro", "description": "Lorem Ipsum is simply dummy text of the printing and typesetting industry.", "price": 1000, "images": "photos/products/Imagen_pegada_10.png", "stock": 250, "is_available": true, "category": 1, "created_date": "2026-02-13T00:50:48.291Z", "modified_date": "2026-02-13T00:50:48.291Z"}}, {"model": "store.variation", "pk": 1, "fields": {"product": 2, "variation_category": "color", "variation_value": "rojo", "is_active": true, "created_date": "2026-02-22"}}, {"model": "store.variation", "pk": 2, "fields": {"product": 2, "variation_category": "color", "variation_value": "negro", "is_active": true, "created_date": "2026-02-22"}}, {"model": "store.variation", "pk": 3, "fields": {"product": 2, "variation_category": "color", "variation_value": "blanco", "is_active": true, "created_date": "2026-02-22"}}, {"model": "store.variation", "pk": 4, "fields": {"product": 2, "variation_category": "color", "variation_value": "gris", "is_active": true, "created_date": "2026-02-22"}}, {"model": "store.variation", "pk": 5, "fields": {"product": 2, "variation_category": "talla", "variation_value": "large", "is_active": true, "created_date": "2026-02-22"}}, {"model": "store.variation", "pk": 6, "fields": {"product": 2, "variation_category": "talla", "variation_value": "medium", "is_active": true, "created_date": "2026-02-22"}}, {"model": "store.variation", "pk": 7, "fields": {"product": 2, "variation_category": "talla", "variation_value": "Short", "is_active": true, "created_date": "2026-02-22"}}, {"model": "store.reviewrating", "pk": 1, "fields": {"product": 2, "user": 1, "subject": "Excelente calidad la blusa", "review": "buen servicio", "rating": 4.0, "status": true, "created_at": "2026-05-05T18:43:30.160Z", "updated_at": "2026-05-06T22:10:29.363Z"}}, {"model": "carts.cart", "pk": 15, "fields": {"cart_id": "43jbxflx0h99iybx8plcd3u1kbuupd8p", "date_added": "2026-05-01"}}, {"model": "carts.cart", "pk": 16, "fields": {"cart_id": "1v8rttl13s2j2m8wa576r0ny66e1xpgp", "date_added": "2026-05-01"}}, {"model": "carts.cart", "pk": 17, "fields": {"cart_id": "twt0y9xx6422v046wgefl7n2kbo6cgop", "date_added": "2026-05-01"}}, {"model": "carts.cart", "pk": 18, "fields": {"cart_id": "vl1gfjalqrl31r6gyqv5r357ysvnwlqu", "date_added": "2026-05-01"}}, {"model": "carts.cart", "pk": 19, "fields": {"cart_id": "ooi1e03bu4ffj57in7ymqxdjbujik6ib", "date_added": "2026-05-01"}}, {"model": "carts.cart", "pk": 20, "fields": {"cart_id": "bzpw34a8zki3sm5d363p1kjp5o5iv33c", "date_added": "2026-05-02"}}, {"model": "carts.cart", "pk": 21, "fields": {"cart_id": "45muu2aqbxidmzjvptexur5biuied4b1", "date_added": "2026-05-04"}}, {"model": "carts.cart", "pk": 22, "fields": {"cart_id": "zfly0go0mn2w2ywm3l6bk1ggsf7r9cnp", "date_added": "2026-05-06"}}, {"model": "carts.cartitem", "pk": 37, "fields": {"user": null, "product": 2, "cart": 17, "quantity": 1, "is_active": true, "variations": [1, 5]}}, {"model": "carts.cartitem", "pk": 49, "fields": {"user": 1, "product": 2, "cart": null, "quantity": 1, "is_active": true, "variations": [1, 6]}}, {"model": "orders.payment", "pk": 1, "fields": {"user": 2, "payment_id": "4VK148304F7536717", "payment_method": "PayPal", "amount_paid": "122.4", "status": "COMPLETED", "created_at": "2026-05-03T02:00:44.110Z"}}, {"model": "orders.payment", "pk": 2, "fields": {"user": 2, "payment_id": "69007330EP054242T", "payment_method": "PayPal", "amount_paid": "61.2", "status": "COMPLETED", "created_at": "2026-05-03T02:08:16.422Z"}}, {"model": "orders.payment", "pk": 3, "fields": {"user": 2, "payment_id": "75Y15354KC514335Y", "payment_method": "PayPal", "amount_paid": "61.2", "status": "COMPLETED", "created_at": "2026-05-03T02:19:29.574Z"}}, {"model": "orders.payment", "pk": 4, "fields": {"user": 2, "payment_id": "0AL41462UD087844Y", "payment_method": "PayPal", "amount_paid": "61.2", "status": "COMPLETED", "created_at": "2026-05-03T16:32:18.760Z"}}, {"model": "orders.payment", "pk": 5, "fields": {"user": 2, "payment_id": "6A93887837455062Y", "payment_method": "PayPal", "amount_paid": "61.2", "status": "COMPLETED", "created_at": "2026-05-03T16:45:48.561Z"}}, {"model": "orders.payment", "pk": 6, "fields": {"user": 2, "payment_id": "0T7900478R435532G", "payment_method": "PayPal", "amount_paid": "122.4", "status": "COMPLETED", "created_at": "2026-05-04T19:29:20.268Z"}}, {"model": "orders.payment", "pk": 7, "fields": {"user": 2, "payment_id": "6DE860596T437615W", "payment_method": "PayPal", "amount_paid": "61.2", "status": "COMPLETED", "created_at": "2026-05-04T20:08:28.859Z"}}, {"model": "orders.payment", "pk": 8, "fields": {"user": 1, "payment_id": "94H30183LD7088537", "payment_method": "PayPal", "amount_paid": "122.4", "status": "COMPLETED", "created_at": "2026-05-04T20:40:33.174Z"}}, {"model": "orders.payment", "pk": 9, "fields": {"user": 1, "payment_id": "2BK327186U2726111", "payment_method": "PayPal", "amount_paid": "61.2", "status": "COMPLETED", "created_at": "2026-05-04T20:44:12.296Z"}}, {"model": "orders.order", "pk": 1, "fields": {"user": 2, "payment": null, "order_number": "202605011", "first_name": "Merari", "last_name": "Caceres", "phone": "0986655946", "email": "admin@gmail.com", "address_line_1": "Barrio San Pedro", "address_line_2": "Barrio San Pedro", "country": "Paraguay", "state": "Itapua", "city": "Encarnación", "order_note": "primera orden", "order_total": 122.4, "tax": 2.4, "status": "New", "ip": "127.0.0.1", "is_ordered": false, "created_at": "2026-05-01T23:48:18.252Z", "updated_at": "2026-05-01T23:48:18.254Z"}}, {"model": "orders.order", "pk": 2, "fields": {"user": 2, "payment": null, "order_number": "202605022", "first_name": "Merari", "last_name": "Caceres", "phone": "0986655946", "email": "admin@gmail.com", "address_line_1": "Barrio San Pedro", "address_line_2": "Barrio San Pedro", "country": "Paraguay", "state": "Itapua", "city": "Encarnación", "order_note": "Primera orden de facturacion", "order_total": 122.4, "tax": 2.4, "status": "New", "ip": "127.0.0.1", "is_ordered": false, "created_at": "2026-05-02T16:50:44.971Z", "updated_at": "2026-05-02T16:50:44.976Z"}}, {"model": "orders.order", "pk": 3, "fields": {"user": 2, "payment": null, "order_number": "202605023", "first_name": "Merari", "last_name": "Caceres", "phone": "0986655946", "email": "admin@gmail.com", "address_line_1": "Barrio San Pedro", "address_line_2": "Barrio San Pedro", "country": "Paraguay", "state": "Itapua", "city": "Encarnación", "order_note": "Primera orden de facturacion", "order_total": 122.4, "tax": 2.4, "status": "New", "ip": "127.0.0.1", "is_ordered": false, "created_at": "2026-05-02T18:11:46.258Z", "updated_at": "2026-05-02T18:11:46.261Z"}}, {"model": "orders.order", "pk": 4, "fields": {"user": 2, "payment": null, "order_number": "202605024", "first_name": "Merari", "last_name": "Caceres", "phone": "0986655946", "email": "admin@gmail.com", "address_line_1": "Barrio San Pedro", "address_line_2": "Barrio San Pedro", "country": "Paraguay", "state": "Itapua", "city": "Encarnación", "order_note": "Primera orden de facturacion", "order_total": 122.4, "tax": 2.4, "status": "New", "ip": "127.0.0.1", "is_ordered": false, "created_at": "2026-05-02T18:11:54.553Z", "updated_at": "2026-05-02T18:11:54.598Z"}}, {"model": "orders.order", "pk": 22, "fields": {"user": 2, "payment": 4, "order_number": "2026050322", "first_name": "Merari", "last_name": "Caceres", "phone": "0986655946", "email": "admin@gmail.com", "address_line_1": "Barrio San Pedro", "address_line_2": "Barrio San Pedro", "country": "Paraguay", "state": "Itapua", "city": "Encarnación", "order_note": "prueba123", "order_total": 61.2, "tax": 1.2, "status": "New", "ip": "127.0.0.1", "is_ordered": true, "created_at": "2026-05-03T16:30:18.801Z", "updated_at": "2026-05-03T16:32:18.806Z"}}, {"model": "orders.order", "pk": 23, "fields": {"user": 2, "payment": 5, "order_number": "2026050323", "first_name": "Merari", "last_name": "Caceres", "phone": "0986655946", "email": "admin@gmail.com", "address_line_1": "Barrio San Pedro", "address_line_2": "Barrio San Pedro", "country": "Paraguay", "state": "Itapua", "city": "Encarnación", "order_note": "prueba 234", "order_total": 61.2, "tax": 1.2, "status": "New", "ip": "127.0.0.1", "is_ordered": true, "created_at": "2026-05-03T16:45:36.101Z", "updated_at": "2026-05-03T16:45:48.606Z"}}, {"model": "orders.order", "pk": 24, "fields": {"user": 2, "payment": 6, "order_number": "2026050424", "first_name": "Merari", "last_name": "Caceres", "phone": "0986655946", "email": "admin@gmail.com", "address_line_1": "Barrio San Pedro", "address_line_2": "Barrio San Pedro", "country": "Paraguay", "state": "Itapua", "city": "Encarnación", "order_note": "567", "order_total": 122.4, "tax": 2.4, "status": "New", "ip": "127.0.0.1", "is_ordered": true, "created_at": "2026-05-04T19:28:46.557Z", "updated_at": "2026-05-04T19:29:20.272Z"}}, {"model": "orders.order", "pk": 25, "fields": {"user": 2, "payment": 7, "order_number": "2026050425", "first_name": "Merari", "last_name": "Caceres", "phone": "0986655946", "email": "admin@gmail.com", "address_line_1": "Barrio San Pedro", "address_line_2": "Barrio San Pedro", "country": "Paraguay", "state": "Itapua", "city": "Encarnación", "order_note": "098", "order_total": 61.2, "tax": 1.2, "status": "New", "ip": "127.0.0.1", "is_ordered": true, "created_at": "2026-05-04T20:07:31.008Z", "updated_at": "2026-05-04T20:08:28.904Z"}}, {"model": "orders.order", "pk": 26, "fields": {"user": 1, "payment": 8, "order_number": "2026050426", "first_name": "Merari", "last_name": "Caceres", "phone": "0986655946", "email": "merarivillalba@gmail.com", "address_line_1": "Barrio San Pedro", "address_line_2": "Barrio San Pedro", "country": "Paraguay", "state": "Itapua", "city": "Encarnación", "order_note": "123456", "order_total": 122.4, "tax": 2.4, "status": "New", "ip": "127.0.0.1", "is_ordered": true, "created_at": "2026-05-04T20:39:39.777Z", "updated_at": "2026-05-04T20:40:33.219Z"}}, {"model": "orders.order", "pk": 27, "fields": {"user": 1, "payment": 9, "order_number": "2026050427", "first_name": "Merari", "last_name": "Caceres", "phone": "0986655946", "email": "merarivillalba@gmail.com", "address_line_1": "Barrio San Pedro", "address_line_2": "Barrio San Pedro", "country": "Paraguay", "state": "Itapua", "city": "Encarnación", "order_note": "", "order_total": 61.2, "tax": 1.2, "status": "New", "ip": "127.0.0.1", "is_ordered": true, "created_at": "2026-05-04T20:44:01.989Z", "updated_at": "2026-05-04T20:44:12.299Z"}}, {"model": "orders.orderproduct", "pk": 8, "fields": {"order": 24, "payment": 6, "user": 2, "product": 2, "quantity": 1, "product_price": 60.0, "ordered": true, "created_at": "2026-05-04T19:29:20.274Z", "updated_at": "2026-05-04T19:29:20.274Z", "variation": [4, 6]}}, {"model": "orders.orderproduct", "pk": 9, "fields": {"order": 24, "payment": 6, "user": 2, "product": 2, "quantity": 1, "product_price": 60.0, "ordered": true, "created_at": "2026-05-04T19:29:20.281Z", "updated_at": "2026-05-04T19:29:20.281Z", "variation": [1, 5]}}, {"model": "orders.orderproduct", "pk": 10, "fields": {"order": 25, "payment": 7, "user": 2, "product": 2, "quantity": 1, "product_price": 60.0, "ordered": true, "created_at": "2026-05-04T20:08:28.907Z", "updated_at": "2026-05-04T20:08:28.907Z", "variation": [3, 7]}}, {"model": "orders.orderproduct", "pk": 11, "fields": {"order": 26, "payment": 8, "user": 1, "product": 2, "quantity": 1, "product_price": 60.0, "ordered": true, "created_at": "2026-05-04T20:40:33.223Z", "updated_at": "2026-05-04T20:40:33.223Z", "variation": [2, 5]}}, {"model": "orders.orderproduct", "pk": 12, "fields": {"order": 26, "payment": 8, "user": 1, "product": 2, "quantity": 1, "product_price": 60.0, "ordered": true, "created_at": "2026-05-04T20:40:33.230Z", "updated_at": "2026-05-04T20:40:33.230Z", "variation": [4, 6]}}, {"model": "orders.orderproduct", "pk": 13, "fields": {"order": 27, "payment": 9, "user": 1, "product": 2, "quantity": 1, "product_price": 60.0, "ordered": true, "created_at": "2026-05-04T20:44:12.302Z", "updated_at": "2026-05-04T20:44:12.302Z", "variation": [1, 6]}}]
